-- JUDGE TABLE
INSERT INTO judge (id, is_minister, name) VALUES (1, true, 'Lelio Bentes Corrêa');
INSERT INTO judge (id, is_minister, name) VALUES (2, true, 'Aloysio Silva Corrêa da Veiga');
INSERT INTO judge (id, is_minister, name) VALUES (3, true, 'Dora Maria da Costa');
INSERT INTO judge (id, is_minister, name) VALUES (4, true, 'Ives Gandra da Silva Martins Filho');
INSERT INTO judge (id, is_minister, name) VALUES (5, true, 'Maria Cristina Irigoyen Peduzzi');
INSERT INTO judge (id, is_minister, name) VALUES (6, true, 'Luiz Philippe Vieira de Mello Filho');
INSERT INTO judge (id, is_minister, name) VALUES (7, true, 'Guilherme Augusto Caputo Bastos');
INSERT INTO judge (id, is_minister, name) VALUES (8, true, 'Mauricio José Godinho Delgado');
INSERT INTO judge (id, is_minister, name) VALUES (9, true, 'Kátia Magalhães Arruda');
INSERT INTO judge (id, is_minister, name) VALUES (10, true, 'Augusto César Leite de Carvalho');
INSERT INTO judge (id, is_minister, name) VALUES (11, true, 'José Roberto Freire Pimenta');
INSERT INTO judge (id, is_minister, name) VALUES (12, true, 'Delaíde Alves Miranda Arantes');
INSERT INTO judge (id, is_minister, name) VALUES (13, true, 'Hugo Carlos Scheuermann');
INSERT INTO judge (id, is_minister, name) VALUES (14, true, 'Alexandre de Souza Agra Belmonte');
INSERT INTO judge (id, is_minister, name) VALUES (15, true, 'Cláudio Mascarenhas Brandão');
INSERT INTO judge (id, is_minister, name) VALUES (16, true, 'Douglas Alencar Rodrigues');
INSERT INTO judge (id, is_minister, name) VALUES (17, true, 'Maria Helena Mallmann');
INSERT INTO judge (id, is_minister, name) VALUES (18, true, 'Breno Medeiros');
INSERT INTO judge (id, is_minister, name) VALUES (19, true, 'Alexandre Luiz Ramos');
INSERT INTO judge (id, is_minister, name) VALUES (20, true, 'Luiz José Dezena da Silva');
INSERT INTO judge (id, is_minister, name) VALUES (21, true, 'Evandro Pereira Valadão Lopes');
INSERT INTO judge (id, is_minister, name) VALUES (22, true, 'Amaury Rodrigues Pinto Junior');
INSERT INTO judge (id, is_minister, name) VALUES (23, true, 'Alberto Bastos Balazeiro');
INSERT INTO judge (id, is_minister, name) VALUES (24, true, 'Morgana de Almeida Richa');
INSERT INTO judge (id, is_minister, name) VALUES (25, true, 'Sergio Pinto Martins');
INSERT INTO judge (id, is_minister, name) VALUES (26, false, 'Margareth Rodrigues Costa');
INSERT INTO judge (id, is_minister, name) VALUES (27, false, 'José Pedro de Camargo Rodrigues de Souza');
INSERT INTO judge (id, is_minister, name) VALUES (28, false, 'João Pedro Silvestrin');

-- PART TABLE
INSERT INTO part (id, name) VALUES (1, 'PETRÓLEO BRASILEIRO S.A. - PETROBRAS');
INSERT INTO part (id, name) VALUES (2, 'JOAO BATISTA FERNANDES FERREIRA');
INSERT INTO part (id, name) VALUES (3, 'SINDICATO DOS MOTORISTAS ... INTERESTADUAIS');
INSERT INTO part (id, name) VALUES (4, 'RECEBO ADMINISTRAÇÃO E PARTICIPAÇÕES LTDA. E OUTROS');
INSERT INTO part (id, name) VALUES (5, 'EXPRESSO MARINGÁ TRANSPORTES LTDA. E OUTROS');
INSERT INTO part (id, name) VALUES (6, 'ARLEY MARCIO SOARES DE SOUZA');
INSERT INTO part (id, name) VALUES (7, 'SUZY DE ARAUJO AMORIM');

-- ADJUDICATING_BODY TABLE
INSERT INTO adjudicating_body (id, name, president_id) VALUES (1, 'Tribunal Pleno', 1);
INSERT INTO adjudicating_body (id, name, president_id) VALUES (2, 'Orgão Especial', 1);
INSERT INTO adjudicating_body (id, name, president_id) VALUES (3, 'Seção Especializada em Dissídios Coletivos', 1);
INSERT INTO adjudicating_body (id, name, president_id) VALUES (4, 'Subseção I da Seção Especializada em Dissídios Individuais', 1);
INSERT INTO adjudicating_body (id, name, president_id) VALUES (5, 'Subseção II da Seção Especializada em Dissídios Individuais', 1);
INSERT INTO adjudicating_body (id, name, president_id) VALUES (6, 'Primeira Turma', 13);
INSERT INTO adjudicating_body (id, name, president_id) VALUES (7, 'Segunda Turma', 17);
INSERT INTO adjudicating_body (id, name, president_id) VALUES (8, 'Terceira Turma', 8);
INSERT INTO adjudicating_body (id, name, president_id) VALUES (9, 'Quarta Turma', 4);
INSERT INTO adjudicating_body (id, name, president_id) VALUES (10, 'Quinta Turma', 18);
INSERT INTO adjudicating_body (id, name, president_id) VALUES (11, 'Sexta Turma', 9);
INSERT INTO adjudicating_body (id, name, president_id) VALUES (12, 'Sétima Turma', 15);
INSERT INTO adjudicating_body (id, name, president_id) VALUES (13, 'Oitava Turma', 7);

-- ADJUDICATING_BODY_JUDGES TABLE
INSERT INTO adjudicating_body_judges (adjudicating_bodies_id, judges_id) VALUES (1, 1);
INSERT INTO adjudicating_body_judges (adjudicating_bodies_id, judges_id) VALUES (1, 2);
INSERT INTO adjudicating_body_judges (adjudicating_bodies_id, judges_id) VALUES (1, 3);
INSERT INTO adjudicating_body_judges (adjudicating_bodies_id, judges_id) VALUES (1, 4);
INSERT INTO adjudicating_body_judges (adjudicating_bodies_id, judges_id) VALUES (1, 5);
INSERT INTO adjudicating_body_judges (adjudicating_bodies_id, judges_id) VALUES (1, 6);
INSERT INTO adjudicating_body_judges (adjudicating_bodies_id, judges_id) VALUES (1, 7);
INSERT INTO adjudicating_body_judges (adjudicating_bodies_id, judges_id) VALUES (1, 8);
INSERT INTO adjudicating_body_judges (adjudicating_bodies_id, judges_id) VALUES (1, 9);
INSERT INTO adjudicating_body_judges (adjudicating_bodies_id, judges_id) VALUES (1, 10);
INSERT INTO adjudicating_body_judges (adjudicating_bodies_id, judges_id) VALUES (1, 11);
INSERT INTO adjudicating_body_judges (adjudicating_bodies_id, judges_id) VALUES (1, 12);
INSERT INTO adjudicating_body_judges (adjudicating_bodies_id, judges_id) VALUES (1, 13);
INSERT INTO adjudicating_body_judges (adjudicating_bodies_id, judges_id) VALUES (1, 14);
INSERT INTO adjudicating_body_judges (adjudicating_bodies_id, judges_id) VALUES (1, 15);
INSERT INTO adjudicating_body_judges (adjudicating_bodies_id, judges_id) VALUES (1, 16);
INSERT INTO adjudicating_body_judges (adjudicating_bodies_id, judges_id) VALUES (1, 17);
INSERT INTO adjudicating_body_judges (adjudicating_bodies_id, judges_id) VALUES (1, 18);
INSERT INTO adjudicating_body_judges (adjudicating_bodies_id, judges_id) VALUES (1, 19);
INSERT INTO adjudicating_body_judges (adjudicating_bodies_id, judges_id) VALUES (1, 20);
INSERT INTO adjudicating_body_judges (adjudicating_bodies_id, judges_id) VALUES (1, 21);
INSERT INTO adjudicating_body_judges (adjudicating_bodies_id, judges_id) VALUES (1, 22);
INSERT INTO adjudicating_body_judges (adjudicating_bodies_id, judges_id) VALUES (1, 23);
INSERT INTO adjudicating_body_judges (adjudicating_bodies_id, judges_id) VALUES (1, 24);
INSERT INTO adjudicating_body_judges (adjudicating_bodies_id, judges_id) VALUES (1, 25);
INSERT INTO adjudicating_body_judges (adjudicating_bodies_id, judges_id) VALUES (2, 1);
INSERT INTO adjudicating_body_judges (adjudicating_bodies_id, judges_id) VALUES (2, 2);
INSERT INTO adjudicating_body_judges (adjudicating_bodies_id, judges_id) VALUES (2, 3);
INSERT INTO adjudicating_body_judges (adjudicating_bodies_id, judges_id) VALUES (2, 4);
INSERT INTO adjudicating_body_judges (adjudicating_bodies_id, judges_id) VALUES (2, 5);
INSERT INTO adjudicating_body_judges (adjudicating_bodies_id, judges_id) VALUES (2, 6);
INSERT INTO adjudicating_body_judges (adjudicating_bodies_id, judges_id) VALUES (2, 7);
INSERT INTO adjudicating_body_judges (adjudicating_bodies_id, judges_id) VALUES (2, 17);
INSERT INTO adjudicating_body_judges (adjudicating_bodies_id, judges_id) VALUES (2, 18);
INSERT INTO adjudicating_body_judges (adjudicating_bodies_id, judges_id) VALUES (2, 19);
INSERT INTO adjudicating_body_judges (adjudicating_bodies_id, judges_id) VALUES (2, 20);
INSERT INTO adjudicating_body_judges (adjudicating_bodies_id, judges_id) VALUES (2, 21);
INSERT INTO adjudicating_body_judges (adjudicating_bodies_id, judges_id) VALUES (2, 22);
INSERT INTO adjudicating_body_judges (adjudicating_bodies_id, judges_id) VALUES (2, 23);
INSERT INTO adjudicating_body_judges (adjudicating_bodies_id, judges_id) VALUES (3, 1);
INSERT INTO adjudicating_body_judges (adjudicating_bodies_id, judges_id) VALUES (3, 2);
INSERT INTO adjudicating_body_judges (adjudicating_bodies_id, judges_id) VALUES (3, 3);
INSERT INTO adjudicating_body_judges (adjudicating_bodies_id, judges_id) VALUES (3, 4);
INSERT INTO adjudicating_body_judges (adjudicating_bodies_id, judges_id) VALUES (3, 6);
INSERT INTO adjudicating_body_judges (adjudicating_bodies_id, judges_id) VALUES (3, 8);
INSERT INTO adjudicating_body_judges (adjudicating_bodies_id, judges_id) VALUES (3, 12);
INSERT INTO adjudicating_body_judges (adjudicating_bodies_id, judges_id) VALUES (3, 14);
INSERT INTO adjudicating_body_judges (adjudicating_bodies_id, judges_id) VALUES (4, 1);
INSERT INTO adjudicating_body_judges (adjudicating_bodies_id, judges_id) VALUES (4, 2);
INSERT INTO adjudicating_body_judges (adjudicating_bodies_id, judges_id) VALUES (4, 3);
INSERT INTO adjudicating_body_judges (adjudicating_bodies_id, judges_id) VALUES (4, 5);
INSERT INTO adjudicating_body_judges (adjudicating_bodies_id, judges_id) VALUES (4, 7);
INSERT INTO adjudicating_body_judges (adjudicating_bodies_id, judges_id) VALUES (4, 9);
INSERT INTO adjudicating_body_judges (adjudicating_bodies_id, judges_id) VALUES (4, 10);
INSERT INTO adjudicating_body_judges (adjudicating_bodies_id, judges_id) VALUES (4, 11);
INSERT INTO adjudicating_body_judges (adjudicating_bodies_id, judges_id) VALUES (4, 13);
INSERT INTO adjudicating_body_judges (adjudicating_bodies_id, judges_id) VALUES (4, 15);
INSERT INTO adjudicating_body_judges (adjudicating_bodies_id, judges_id) VALUES (4, 17);
INSERT INTO adjudicating_body_judges (adjudicating_bodies_id, judges_id) VALUES (4, 18);
INSERT INTO adjudicating_body_judges (adjudicating_bodies_id, judges_id) VALUES (4, 19);
INSERT INTO adjudicating_body_judges (adjudicating_bodies_id, judges_id) VALUES (5, 1);
INSERT INTO adjudicating_body_judges (adjudicating_bodies_id, judges_id) VALUES (5, 2);
INSERT INTO adjudicating_body_judges (adjudicating_bodies_id, judges_id) VALUES (5, 3);
INSERT INTO adjudicating_body_judges (adjudicating_bodies_id, judges_id) VALUES (5, 16);
INSERT INTO adjudicating_body_judges (adjudicating_bodies_id, judges_id) VALUES (5, 20);
INSERT INTO adjudicating_body_judges (adjudicating_bodies_id, judges_id) VALUES (5, 21);
INSERT INTO adjudicating_body_judges (adjudicating_bodies_id, judges_id) VALUES (5, 22);
INSERT INTO adjudicating_body_judges (adjudicating_bodies_id, judges_id) VALUES (5, 23);
INSERT INTO adjudicating_body_judges (adjudicating_bodies_id, judges_id) VALUES (5, 24);
INSERT INTO adjudicating_body_judges (adjudicating_bodies_id, judges_id) VALUES (5, 25);
INSERT INTO adjudicating_body_judges (adjudicating_bodies_id, judges_id) VALUES (6, 13);
INSERT INTO adjudicating_body_judges (adjudicating_bodies_id, judges_id) VALUES (6, 20);
INSERT INTO adjudicating_body_judges (adjudicating_bodies_id, judges_id) VALUES (6, 22);
INSERT INTO adjudicating_body_judges (adjudicating_bodies_id, judges_id) VALUES (7, 6);
INSERT INTO adjudicating_body_judges (adjudicating_bodies_id, judges_id) VALUES (7, 17);
INSERT INTO adjudicating_body_judges (adjudicating_bodies_id, judges_id) VALUES (7, 25);
INSERT INTO adjudicating_body_judges (adjudicating_bodies_id, judges_id) VALUES (7, 26);
INSERT INTO adjudicating_body_judges (adjudicating_bodies_id, judges_id) VALUES (8, 8);
INSERT INTO adjudicating_body_judges (adjudicating_bodies_id, judges_id) VALUES (8, 11);
INSERT INTO adjudicating_body_judges (adjudicating_bodies_id, judges_id) VALUES (8, 23);
INSERT INTO adjudicating_body_judges (adjudicating_bodies_id, judges_id) VALUES (9, 4);
INSERT INTO adjudicating_body_judges (adjudicating_bodies_id, judges_id) VALUES (9, 5);
INSERT INTO adjudicating_body_judges (adjudicating_bodies_id, judges_id) VALUES (9, 19);
INSERT INTO adjudicating_body_judges (adjudicating_bodies_id, judges_id) VALUES (10, 16);
INSERT INTO adjudicating_body_judges (adjudicating_bodies_id, judges_id) VALUES (10, 18);
INSERT INTO adjudicating_body_judges (adjudicating_bodies_id, judges_id) VALUES (10, 24);
INSERT INTO adjudicating_body_judges (adjudicating_bodies_id, judges_id) VALUES (11, 9);
INSERT INTO adjudicating_body_judges (adjudicating_bodies_id, judges_id) VALUES (11, 10);
INSERT INTO adjudicating_body_judges (adjudicating_bodies_id, judges_id) VALUES (11, 27);
INSERT INTO adjudicating_body_judges (adjudicating_bodies_id, judges_id) VALUES (12, 14);
INSERT INTO adjudicating_body_judges (adjudicating_bodies_id, judges_id) VALUES (12, 15);
INSERT INTO adjudicating_body_judges (adjudicating_bodies_id, judges_id) VALUES (12, 21);
INSERT INTO adjudicating_body_judges (adjudicating_bodies_id, judges_id) VALUES (13, 7);
INSERT INTO adjudicating_body_judges (adjudicating_bodies_id, judges_id) VALUES (13, 12);
INSERT INTO adjudicating_body_judges (adjudicating_bodies_id, judges_id) VALUES (13, 28);

-- SCHEDULE TABLE
INSERT INTO schedule (id, schedule_date, adjudicating_body_id) VALUES (1, '2022-10-26', 8);

-- TRIAL TABLE
INSERT INTO trial (id, number, rapporteur_id) VALUES (1, '11482-77.2015.5.01.0482', 8);
INSERT INTO trial (id, number, rapporteur_id) VALUES (2, '16-87.2017.5.09.0872', 23);
INSERT INTO trial (id, number, rapporteur_id) VALUES (3, '29-05.2021.5.10.0004', 11);

-- SCHEDULE_TRIALS TABLE
INSERT INTO schedule_trials (schedule_id, trial_id, trial_order) VALUES (1, 1, 1);
INSERT INTO schedule_trials (schedule_id, trial_id, trial_order) VALUES (1, 2, 2);
INSERT INTO schedule_trials (schedule_id, trial_id, trial_order) VALUES (1, 3, 3);

-- TRIAL_PARTS TABLE
INSERT INTO trial_parts (part_id, trial_id, type) VALUES (1, 1, 0);
INSERT INTO trial_parts (part_id, trial_id, type) VALUES (2, 1, 1);
INSERT INTO trial_parts (part_id, trial_id, type) VALUES (3, 2, 0);
INSERT INTO trial_parts (part_id, trial_id, type) VALUES (4, 2, 1);
INSERT INTO trial_parts (part_id, trial_id, type) VALUES (5, 2, 1);
INSERT INTO trial_parts (part_id, trial_id, type) VALUES (6, 3, 0);
INSERT INTO trial_parts (part_id, trial_id, type) VALUES (7, 3, 1);
